{"cameraMode":{"drawMode":0,"name":"Shaded","section":"Shading Mode"},"sceneLighting":true,"audioPlay":false,"sceneViewState":{"m_AlwaysRefresh":false,"showFog":true,"showSkybox":true,"showFlares":true,"showImageEffects":true,"showParticleSystems":true,"showVisualEffectGraphs":true,"m_FxEnabled":true},"in2DMode":false,"pivot":{"x":-4.3489298820495609,"y":-1.5998363494873047,"z":8.441773414611817},"rotation":{"x":0.2141002118587494,"y":-0.13249953091144563,"z":0.031831156462430957,"w":0.9675688147544861},"size":8.559334754943848,"orthographic":false}