{"cameraMode":{"drawMode":0,"name":"Shaded","section":"Shading Mode"},"sceneLighting":true,"audioPlay":false,"sceneViewState":{"m_AlwaysRefresh":false,"showFog":true,"showSkybox":true,"showFlares":true,"showImageEffects":true,"showParticleSystems":true,"showVisualEffectGraphs":true,"m_FxEnabled":true},"in2DMode":false,"pivot":{"x":-0.2831137180328369,"y":0.7219765782356262,"z":0.27939483523368838},"rotation":{"x":0.05298520624637604,"y":-0.8495743870735169,"z":0.08695550262928009,"w":0.5176199674606323},"size":1.6920979022979737,"orthographic":false}