{"cameraMode":{"drawMode":0,"name":"Shaded","section":"Shading Mode"},"sceneLighting":true,"audioPlay":false,"sceneViewState":{"m_AlwaysRefresh":false,"showFog":true,"showSkybox":true,"showFlares":true,"showImageEffects":true,"showParticleSystems":true,"showVisualEffectGraphs":true,"m_FxEnabled":true},"in2DMode":false,"pivot":{"x":-0.4522354006767273,"y":0.6041118502616882,"z":-0.3044795095920563},"rotation":{"x":0.15095089375972749,"y":-0.8398448824882507,"z":0.2947338819503784,"w":0.43020811676979067},"size":3.562426805496216,"orthographic":false}