{"cameraMode":{"drawMode":0,"name":"Shaded","section":"Shading Mode"},"sceneLighting":true,"audioPlay":false,"sceneViewState":{"m_AlwaysRefresh":false,"showFog":true,"showSkybox":true,"showFlares":true,"showImageEffects":true,"showParticleSystems":true,"showVisualEffectGraphs":true,"m_FxEnabled":true},"in2DMode":false,"pivot":{"x":0.19332009553909303,"y":1.7094429731369019,"z":2.9443860054016115},"rotation":{"x":-0.10491713136434555,"y":0.31922608613967898,"z":-0.0355706550180912,"w":-0.9411917328834534},"size":4.603311538696289,"orthographic":false}