{"cameraMode":{"drawMode":0,"name":"Shaded","section":"Shading Mode"},"sceneLighting":true,"audioPlay":false,"sceneViewState":{"m_AlwaysRefresh":false,"showFog":true,"showSkybox":true,"showFlares":true,"showImageEffects":true,"showParticleSystems":true,"showVisualEffectGraphs":true,"m_FxEnabled":true},"in2DMode":false,"pivot":{"x":-0.8110063076019287,"y":1.2801941633224488,"z":-3.8301641941070558},"rotation":{"x":0.008682274259626866,"y":0.8311996459960938,"z":-0.008272839710116387,"w":0.5564024448394775},"size":0.04241998493671417,"orthographic":false}