{"cameraMode":{"drawMode":0,"name":"Shaded","section":"Shading Mode"},"sceneLighting":true,"audioPlay":false,"sceneViewState":{"m_AlwaysRefresh":false,"showFog":true,"showSkybox":true,"showFlares":true,"showImageEffects":true,"showParticleSystems":true,"showVisualEffectGraphs":true,"m_FxEnabled":true},"in2DMode":false,"pivot":{"x":0.04196196794509888,"y":-0.022066913545131685,"z":-0.1624758243560791},"rotation":{"x":0.03840990737080574,"y":-0.8724988102912903,"z":0.06951254606246948,"w":0.4822036325931549},"size":0.130010187625885,"orthographic":false}