{"cameraMode":{"drawMode":0,"name":"Shaded","section":"Shading Mode"},"sceneLighting":true,"audioPlay":false,"sceneViewState":{"m_AlwaysRefresh":false,"showFog":true,"showSkybox":true,"showFlares":true,"showImageEffects":true,"showParticleSystems":true,"showVisualEffectGraphs":true,"m_FxEnabled":true},"in2DMode":false,"pivot":{"x":-0.23006084561347962,"y":1.0123043060302735,"z":0.10427778959274292},"rotation":{"x":0.0391584187746048,"y":-0.908560037612915,"z":0.08749240636825562,"w":0.40670883655548098},"size":0.916246771812439,"orthographic":false}