{"cameraMode":{"drawMode":0,"name":"Shaded","section":"Shading Mode"},"sceneLighting":false,"audioPlay":false,"sceneViewState":{"m_AlwaysRefresh":false,"showFog":true,"showSkybox":false,"showFlares":true,"showImageEffects":true,"showParticleSystems":true,"showVisualEffectGraphs":true,"m_FxEnabled":true},"in2DMode":false,"pivot":{"x":0.008882425725460053,"y":-0.016739513725042344,"z":-0.001887500286102295},"rotation":{"x":0.15095089375972749,"y":-0.8398448824882507,"z":0.2947338819503784,"w":0.43020811676979067},"size":0.14247016608715058,"orthographic":false}